<!--
/**
 * Licensed to the Apache Software Foundation (ASF) under one
 * or more contributor license agreements. See the NOTICE file
 * distributed with this work for additional information
 * regarding copyright ownership. The ASF licenses this file
 * to you under the Apache License, Version 2.0 (the
 * "License"); you may not use this file except in compliance
 * with the License. You may obtain a copy of the License at
 *
 * http://www.apache.org/licenses/LICENSE-2.0
 *
 * Unless required by applicable law or agreed to in writing,
 * software distributed under the License is distributed on an
 * "AS IS" BASIS, WITHOUT WARRANTIES OR CONDITIONS OF ANY
 * KIND, either express or implied. See the License for the
 * specific language governing permissions and limitations
 * under the License.
 */
-->
<assembly>
  
  <id>equinox</id>
  
  <formats>
    <format>dir</format>
  </formats>  
  
  <fileSets>
  	<fileSet>
  		<directory>${project.build.directory}</directory>
  		<includes>
				<include>*.jar</include>
  		</includes>
  		<outputDirectory>load</outputDirectory>
  	</fileSet>
		<!-- TODO: Instead of using fileSets, use dependencySets to populate load -->
 		<fileSet>
			<directory>${project.build.directory}/dependencies</directory>
			<outputDirectory>load</outputDirectory>
		</fileSet>
  	<fileSet>
  		<directory>src/main/config</directory>
  		<includes>
  			<include>config.ini</include>
  		</includes>
  		<outputDirectory>configuration</outputDirectory>
  	</fileSet>
  </fileSets>  

  <dependencySets>
    <dependencySet>
      <outputDirectory></outputDirectory>
      <scope>provided</scope>
      <excludes>
      	<exclude>org.apache.cxf.samples:jax_rs_minimal_osgi</exclude>
      </excludes>
      <useTransitiveDependencies>false</useTransitiveDependencies>
    </dependencySet>
  </dependencySets>
  
</assembly>