<?xml version="1.0" encoding="UTF-8"?>
<!--
Licensed to the Apache Software Foundation (ASF) under one
or more contributor license agreements. See the NOTICE file
distributed with this work for additional information
regarding copyright ownership. The ASF licenses this file
to you under the Apache License, Version 2.0 (the
"License"); you may not use this file except in compliance
with the License. You may obtain a copy of the License at

http://www.apache.org/licenses/LICENSE-2.0

Unless required by applicable law or agreed to in writing,
software distributed under the License is distributed on an
"AS IS" BASIS, WITHOUT WARRANTIES OR CONDITIONS OF ANY
KIND, either express or implied. See the License for the
specific language governing permissions and limitations
under the License.
-->
<beans xmlns="http://www.springframework.org/schema/beans"
       xmlns:xsi="http://www.w3.org/2001/XMLSchema-instance"
       xmlns:http="http://cxf.apache.org/transports/http/configuration"
       xmlns:httpj="http://cxf.apache.org/transports/http-jetty/configuration"
       xmlns:sec="http://cxf.apache.org/configuration/security"
       xsi:schemaLocation="
        http://www.springframework.org/schema/beans                 http://www.springframework.org/schema/beans/spring-beans.xsd
        http://cxf.apache.org/transports/http/configuration         http://cxf.apache.org/schemas/configuration/http-conf.xsd
        http://cxf.apache.org/transports/http-jetty/configuration   http://cxf.apache.org/schemas/configuration/http-jetty.xsd
        http://cxf.apache.org/configuration/security                http://cxf.apache.org/schemas/configuration/security.xsd
        ">
   <bean class="org.springframework.beans.factory.config.PropertyPlaceholderConfigurer"/>

    <!-- -->
    <!-- HTTP/S configuration for proxy & web clients -->
    <!-- -->
    <http:conduit name="https://localhost:.*/customerservice/.*">
        <http:client ConnectionTimeout="3000000" ReceiveTimeout="3000000"/>
        <http:tlsClientParameters>
            <sec:keyManagers keyPassword="ckpass">
                <sec:keyStore file="src/main/config/clientKeystore.jks" password="cspass" type="JKS"/>
            </sec:keyManagers>
            <sec:trustManagers>
                <sec:keyStore file="src/main/config/clientKeystore.jks" password="cspass" type="JKS"/>
            </sec:trustManagers>
        </http:tlsClientParameters>
    </http:conduit>

</beans>

