<?xml version="1.0" encoding="UTF-8"?>
<!--
	Licensed to the Apache Software Foundation (ASF) under one or more
	contributor license agreements. See the NOTICE file distributed with
	this work for additional information regarding copyright ownership.
	The ASF licenses this file to You under the Apache License, Version
	2.0 (the "License"); you may not use this file except in compliance
	with the License. You may obtain a copy of the License at

	http://www.apache.org/licenses/LICENSE-2.0 Unless required by
	applicable law or agreed to in writing, software distributed under the
    License is distributed on an "AS IS" BASIS, WITHOUT WARRANTIES OR
	CONDITIONS OF ANY KIND, either express or implied. See the License for
	the specific language governing permissions and limitations under the
	License.
-->
<beans xmlns="http://www.springframework.org/schema/beans"
    xmlns:xsi="http://www.w3.org/2001/XMLSchema-instance" xmlns:context="http://www.springframework.org/schema/context"
    xmlns:jaxws="http://cxf.apache.org/jaxws" xmlns:p="http://www.springframework.org/schema/p"
    xsi:schemaLocation="http://www.springframework.org/schema/beans http://www.springframework.org/schema/beans/spring-beans.xsd
        http://www.springframework.org/schema/context http://www.springframework.org/schema/context/spring-context.xsd
        http://cxf.apache.org/core http://cxf.apache.org/schemas/core.xsd
        http://cxf.apache.org/jaxws http://cxf.apache.org/schemas/jaxws.xsd">

    <bean id="jmsConnectionFactory"
        class="org.springframework.jms.connection.SingleConnectionFactory">
        <property name="targetConnectionFactory">
            <bean class="org.apache.activemq.ActiveMQConnectionFactory">
                <property name="brokerURL" value="tcp://localhost:61616" />
            </bean>
        </property>
    </bean>

    <bean id="jmsConfig" class="org.apache.cxf.transport.jms.JMSConfiguration"
        p:connectionFactory-ref="jmsConnectionFactory"
        p:targetDestination="test.queue" />

    <jaxws:client id="customerService" address="jms://"
        serviceClass="com.example.customerservice.CustomerService">
        <jaxws:features>
            <bean class="org.apache.cxf.feature.LoggingFeature" />
            <bean class="org.apache.cxf.transport.jms.JMSConfigFeature"
                p:jmsConfig-ref="jmsConfig" />
        </jaxws:features>
    </jaxws:client>

    <bean id="tester"
        class="com.example.customerservice.client.CustomerServiceTester">
        <property name="customerService" ref="customerService"></property>
    </bean>
</beans>
